Name,Popularity,Rank
Na Li,406000000,0
Chris Paul,400000000,1
John Anderson,387000000,2
Man Sun,380000000,3
MONICA,376000000,4
John Child,372000000,5
James Williams,365000000,6
PLOT,356000000,7
Singh Singh,354000000,8
Monday James,353000000,9
Andrew Smith,344000000,10
Michael Anthony,344000000,11
Tom James,337000000,12
David Michael Green,337000000,13
David Davis,326000000,14
Bradley N. Gilbert,319000000,15
Thomas Hall,316000000,16
Jun He,308000000,17
Grant Smith,306000000,18
Matthew Long,302000000,19
Li Du,302000000,20
John Wood,295000000,21
Robert Taylor,290000000,22
Martin Cross,286000000,23
Kim Black,285000000,24
Peter Due,270000000,25
Richard Johnson,269000000,26
John Walker,264000000,27
Michael Jordan,247000000,28
MARTA,245000000,29
Michael Brennan,245000000,30
Chris George,241000000,31
Steve Smith,241000000,32
Richard John Joyce,239000000,33
John Hansen Christensen,239000000,34
Karen Brown,238000000,35
Michael Rich,237000000,36
Dong Dong,236000000,37
Matt Brown,236000000,38
Matthew Smith,234000000,39
Mary King,233000000,40
MARCELO,231000000,41
Paul Davis,223000000,42
Andrew Justice,221000000,43
SIMONE,220000000,44
Christopher Brown,218000000,45
Tim Young,217000000,46
Li Lin,217000000,47
Li Lu,216000000,48
Tom King,214000000,49
DANIELA,213000000,50
Philip John Rogers,212000000,51
Scott Miller,210000000,52
David Fox,206000000,53
Marcelo Ferreira,204000000,54
Martin Winter,199000000,55
Lin Ma,197000000,56
David Bell,196000000,57
ERIKA,195000000,58
Omar Luis,195000000,59
David Oliver,192000000,60
Matt Ryan,191000000,61
Jason Read,188000000,62
Allen Johnson,188000000,63
Ben Johnson,187000000,64
Grant Hill,183000000,65
Steven Smith,182000000,66
Louis Smith,180000000,67
REIS,174000000,68
Sarah English,174000000,69
Michael Evans,171000000,70
Philip Andrew Brown,170000000,71
Ge Li,169000000,72
Dan Sun,168000000,73
Steve Williams,167000000,74
Mitchell J. Richmond,165000000,75
Thomas Domain,164000000,76
Graham Smith,163000000,77
Brian Price,162000000,78
Julie Smith,161000000,79
Jun Wang,161000000,80
Paulo Santos,159000000,81
Rebecca Smith,159000000,82
Xu Wang,159000000,83
David Collins,159000000,84
Li Xu,158000000,85
James Stewart,156000000,86
Susan Lee,150000000,87
Stephen James Smith,150000000,88
Kevin John Freeman,149000000,89
Sarah Ryan,148000000,90
Charles Daniel Smith,147000000,91
Yang Yu,146000000,92
Daniel Santos,146000000,93
Christopher Johnson,146000000,94
Yu Yang,145000000,95
Il Kim,145000000,96
Lin Zhang,145000000,97
Lawrence J. Black,143000000,98
Jose Rodriguez,142000000,99
Christopher Williams,142000000,100
Maria Gonzalez,142000000,101
Juan Garcia,141000000,102
Jason Williams,140000000,103
Richard Thompson,139000000,104
Mark Evans,138000000,105
Thomas James Anderson,138000000,106
Richard James Scott Clark,137000000,107
Michel Robert,137000000,108
TANIA,136000000,109
Stephen Alexander. Martin,135000000,110
JULIANA,135000000,111
David Robert Clark,135000000,112
Patricia Smith,135000000,113
Thomas Schmidt,133000000,114
Michael Sullivan,133000000,115
Christian Ryan,132000000,116
Hong Wang,131000000,117
Luis Rodriguez,131000000,118
Katie Smith,131000000,119
ROBERTO CARLOS,131000000,120
Kevin Light,130000000,121
Mark Todd0,130000000,122
Chris Thompson,130000000,123
Virginia Lee,129000000,124
Ji Li,126000000,125
ELAINE,125000000,126
Lawrence Johnson,123000000,127
William Moore,123000000,128
Yan Li,122000000,129
Wei Liu,121000000,130
Jun Zhang,120000000,131
Susan Williams,120000000,132
Jeff Williams,119000000,133
Peter Evans,119000000,134
Peter Trump,118000000,135
John Michael Parker,118000000,136
Jun Liu,118000000,137
Maria Stefan,118000000,138
Luis Gonzalez,117000000,139
Kevin Jackson,115000000,140
Daniel Clark,115000000,141
Richard Mitchell,113000000,142
Guard Young,113000000,143
Mike Lewis,113000000,144
Mark Hunter,111000000,145
Clinton Hill,111000000,146
Yan Wang,111000000,147
Lin Lu,111000000,148
Carlos Perez,110000000,149
Michael Hughes,110000000,150
Howard Davis,109000000,151
Lisa Alexander,109000000,152
Juan Perez,108000000,153
Peter Foster,108000000,154
Ricardo Santos,106000000,155
Peter Wind,105000000,156
Yi Wang,105000000,157
David Reid,104000000,158
JYrgen Paeke,104000000,159
Brian Lewis,102000000,160
Michael Mcdonald,102000000,161
ALINE,99800000,162
Ray Allen,99600000,163
Xu Huang,98500000,164
Gary John Anderson,98100000,165
Melissa Mills,98000000,166
Joel Thomas,98000000,167
Yan Chen,97900000,168
Shannon Smith,97700000,169
Hope Solo,97600000,170
Judith Lynne Brown,97400000,171
Josh West,96500000,172
Nancy Johnson,96100000,173
Jin Chen,96000000,174
Colin Smith,95800000,175
Ryan Mitchell,95700000,176
Feng Wang,95100000,177
Juan Lopez martinez,94600000,178
Laura Lopez,93800000,179
Thomas Lange,92900000,180
Andrew Cooper,92800000,181
Scott Philip Johnson,92300000,182
Rosa Garcia,92100000,183
Antonio Gonzalez,91600000,184
Charles Austin,91500000,185
Jason Donald,91300000,186
Li Lei,91000000,187
David Davies,90500000,188
Johannes Thomas,89600000,189
Miguel Martinez,89000000,190
John Knox Marshall,89000000,191
Maria Paula Silva,88500000,192
Kate Johnson,88200000,193
ESTER,87500000,194
Jose Gomez,86900000,195
Michael Diamond,86200000,196
Juan Hernandez,86100000,197
Lynn Williams,86000000,198
Daniel Collins,85900000,199
Les Wilson,85400000,200
John Cotton,85100000,201
Mike Bryan,84500000,202
Marco Villa,84300000,203
Juan Fernandez,84300000,204
ALEX SILVA,83500000,205
Dennis Hall,83000000,206
David Sidney Miller,81700000,207
Daisy Dick,81500000,208
Stephen Evans,80900000,209
Jo Hill,80900000,210
Mark Lopez,80300000,211
Alberto Costa,80300000,212
Elizabeth Mitchell,79900000,213
Craig Anderson,78800000,214
Kim Graham,78700000,215
Robert Wells,78700000,216
Gabriel Garcia,78700000,217
Kevin Barry,78300000,218
Jonathan S. Smith,78200000,219
Steve Stewart,77400000,220
Paul Gonzalez,77400000,221
Elizabeth Craig,77200000,222
Melissa Ryan,77100000,223
Marc Ryan,76900000,224
Lan Li,76800000,225
Jesse Smith,76700000,226
Kim Turner,76500000,227
John Cleve Livingston,76000000,228
Todd Williams,76000000,229
David Cal,75600000,230
Michelle Marie Smith0,75500000,231
Kim Cooper,75100000,232
Nicole Davis,74200000,233
Jamie Staff,74200000,234
Juan Li,74000000,235
Patrick Murphy,73900000,236
Emma Johnson,73800000,237
Jonathan Nicholas M. Potter,73500000,238
David Florence,73300000,239
Michael John Bennett,72900000,240
Ricardo Garcia,71500000,241
Stephen Marshall,71200000,242
James Pedro,71200000,243
Lee Roy James,71200000,244
Andrea Anderson,70900000,245
Daniel Lee Harris,70800000,246
Bin Tang,70800000,247
Mark Henderson,70200000,248
Ray Stewart,70100000,249
Craig Lewis,69900000,250
Leonard David Robertson,69300000,251
Christopher J. Taylor,69200000,252
Carlos Lopes,69000000,253
Calvin Smith,68900000,254
David Patrick Saunders,68800000,255
Robert Mills,68500000,256
Shannon Johnson,68300000,257
Michele Smith,68200000,258
Xin Li,68000000,259
Tom Ashley,67900000,260
Adam Nelson,67900000,261
Jin Sun,67800000,262
Fang Wang,67800000,263
Fernando Gonzalez,67500000,264
Larsen Jensen,67400000,265
William Charles Allen,67100000,266
Emily Cross,67000000,267
Simon Dennis,67000000,268
Andrew Bird,66600000,269
Christopher Campbell,66500000,270
Lin-Wei Wang,66300000,271
Megan Jones,66200000,272
Karen Clark,66100000,273
Thomas Becker,65800000,274
Barry Kelly,65700000,275
Ok Im Won,65200000,276
Adam Wright,65100000,277
Yu-Wei Li,64700000,278
Lin Tang,63900000,279
Juan Maria Lopez,63600000,280
Christian Meyer,63000000,281
Hong Ni,63000000,282
Michelle French,63000000,283
Ying Yang,62600000,284
Mark Kerry,62600000,285
David O'connor,62400000,286
Rodney White,62400000,287
Sandra Allen,62100000,288
Paulo Andre Silva,62000000,289
Bin Fan,61900000,290
Malcolm Page,61700000,291
James Brady,61600000,292
Gabriel Pierre,61600000,293
Michael Scott Evans,61400000,294
Cynthia Cooper,61200000,295
Justin Spring,61100000,296
David Erwin Larson,61000000,297
Fernanda Oliveira,60700000,298
Trevor Smith,60600000,299
Gary Peter Cook,60300000,300
Joseph Michael Vargas,60200000,301
John Andrew Hunter,59400000,302
Amy Lee White,59300000,303
David Lindsay Maxwell,59200000,304
David John Oliver Forbes,59000000,305
Heather Davis,58800000,306
Luiz Dias,58700000,307
Yan Xu,58600000,308
Patrick Turner,58500000,309
Lin Jiang,58100000,310
Douglas Hamilton,58000000,311
Kevin Raymond Still,57800000,312
Xiao Yang,57300000,313
Thomas Ulrich,57300000,314
Bernard Williams,56800000,315
James Michael Martinez,56800000,316
Steven Michael Wood,56700000,317
Christopher S. White,56600000,318
Ryan Bailey,56500000,319
George Peter Campbell,56300000,320
Gregory Mark Barton,56300000,321
Christopher Paul Mac donald2,55500000,322
Min Gao,55000000,323
George Roger Woods,54900000,324
Juan Miguel Rodriguez,54700000,325
Andrea Lloyd,54200000,326
Kate Allen,54000000,327
THIAGO SILVA,53900000,328
Jason Turner,53700000,329
Carlos Jimenez,53500000,330
John Forbes,53300000,331
Mario Martinez,53200000,332
Kelvin John Graham,53000000,333
John Stephens,53000000,334
Anthony Edwards,52600000,335
David Dennis Wilson,52300000,336
David Holmes Edgar,52200000,337
Glenn Williams,51900000,338
Michael Roth,51900000,339
Jan Werner,51600000,340
Robert Richards,51300000,341
Sergio Santos,51200000,342
Ying Wang,51100000,343
Travis Lee,51000000,344
Mary Harvey,50900000,345
John Kerr,50800000,346
Ting Li,50600000,347
Jeff Campbell,50600000,348
Jose Ferreira,50600000,349
Mark Precious,50300000,350
Dan Lin,50200000,351
Tom Lucy,50200000,352
Jackson Richardson,50100000,353
Ling Chen,50100000,354
Diana Lopez,50000000,355
Carl Lewis9,49700000,356
Michael John Hart,49600000,357
Jose Maria Romero,49500000,358
Kelly Santos,49500000,359
David Payne,49500000,360
Mario Gonzalez,49400000,361
Lebron James,49200000,362
Natalie Williams,49000000,363
Raquel Silva,49000000,364
Jing Li,49000000,365
Frank Hansen,49000000,366
Ying Chen,48900000,367
Peter Elliott,48900000,368
Dean Evans,48900000,369
Kiel Brown,48800000,370
Andre Heller,48800000,371
Charlotte Lewis,48600000,372
Thomas Brice,48600000,373
Paul Hoffman,48400000,374
David Lowe,48400000,375
Yan Ba,48300000,376
Ivan Garcia,48300000,377
Hong Zhao,48200000,378
Zheng Wang,48200000,379
Andrew Simpson,48200000,380
Ian Walker,48000000,381
AMARAL,47700000,382
Ian Stewart,47500000,383
Matthew Wells,47200000,384
FABIANA,47200000,385
Julio Gonzalez,47100000,386
Lei Wang,46800000,387
Victor Davis,46700000,388
Ramon Di clemente,46700000,389
Grant Davies,46700000,390
Warren Morris,46700000,391
Daniel Stephan,46600000,392
Albert Lawrence,46600000,393
Sebastian Coe0,46600000,394
Kenneth Bryan Davis,46400000,395
Lisa Leslie2,46400000,396
Lauren Jackson,46300000,397
Jason Rogers,46200000,398
James Michael Ferguson,46100000,399
Larry Lee Jones,46000000,400
Tao Wang,46000000,401
John (Jesse) Valdez,45700000,402
Stephen Clarke,45400000,403
Guo Zhu,45400000,404
John Joseph Murphy,45400000,405
Ryan Franklin,45300000,406
Courtney Johnson,45300000,407
Bob Bryan,45200000,408
Hao Wang,45100000,409
Alexander Weber,45000000,410
Edward Murphy,44700000,411
Anthony Hurt,44700000,412
Shawn Johnson,44500000,413
Leon Taylor,44400000,414
Qi Chen,44300000,415
Craig John Monk,44200000,416
Leslie Law,44100000,417
Robin Bell,44000000,418
Thomas Bach,43800000,419
Dennis Mitchell,43700000,420
Seth David Bauer,43600000,421
Gina Smith,43400000,422
Craig Martin Wilson,43300000,423
Fernando Hernandez,43300000,424
Lisa Jacob,43200000,425
Pablo Paz,43100000,426
Bridget Parker,43100000,427
Pedro Reyes,43100000,428
Mark Ashton Richardson,43000000,429
Simon Terry,42800000,430
Philip Jackson Ford,42800000,431
Stephanie Cook,42800000,432
Alain Bernard,42500000,433
Martin Hoffmann,42300000,434
Colin Jackson,42300000,435
Ying Liu,42100000,436
Xi Zhang,42000000,437
Carol Page Brown,41900000,438
Jerome Thomas,41900000,439
Carolyn Jones,41900000,440
John William Wallace,41700000,441
Jose Aguilar,41700000,442
Hui Zhang,41500000,443
Antonio Ribeiro,41500000,444
Miguel De paz pla,41500000,445
Pascal Richard,41400000,446
Hannah Davis,41300000,447
Peter Berger,41200000,448
George Keys,41000000,449
Michelle Cameron,41000000,450
Kelly Holmes,41000000,451
Michael Bach,40900000,452
Hugo Simon,40700000,453
Gregory Foster,40700000,454
Carolyn Brand Graves,40600000,455
Walter Paul Davis,40400000,456
Paul Manning,40300000,457
Barry Alan Davis,40300000,458
Alberto Hernandez,40200000,459
David Luther Roberts,40200000,460
Karen Phillips,40100000,461
Xin Wang,40000000,462
Neil Walker,39900000,463
Marc Alexandre,39900000,464
Diego Romero,39900000,465
Clarence Hill,39700000,466
John Tate,39600000,467
Andrew John Holmes,39600000,468
David Cortez silva,39500000,469
Juan Juan Zhang,39400000,470
Katie Allen,39400000,471
Ying Ma,39400000,472
Dean Butler,39300000,473
Michael Marsh,39200000,474
Michelle Ford,39200000,475
Michael Steward Heath,39100000,476
Xia Liu,39100000,477
Daniel Marin,38900000,478
Bruce Ford,38700000,479
Zhong Chen,38700000,480
Chris Newton,38700000,481
Daniel Walsh,38600000,482
Catherine Fox,38500000,483
Timothy Austin,38400000,484
Michelle Gibson,38400000,485
Mary Peters,38300000,486
Bin Lu,38200000,487
Matthew Morgan Ryan,38200000,488
Teresa Z. Bell,38100000,489
Tim James Foster,38100000,490
Christine Marshall,37800000,491
Yoon Kim,37700000,492
Hao Yang,37700000,493
Thomas Michael Jager,37600000,494
Ying He,37600000,495
Jie Li,37500000,496
Henry Clay,37500000,497
Fiona May,37400000,498
Shane Kelly,37400000,499
Richard Jefferson,37200000,500
Joanne Brown,37200000,501
Lindsay Wilson,37200000,502
Xia Yang,37000000,503
Yun Yang,37000000,504
Rodney Smith,37000000,505
Jun Gao,36900000,506
Logan Tom,36800000,507
Paul Robert Easter,36800000,508
Chen Xue,36700000,509
James Wilkinson,36600000,510
Calvin Davis,36500000,511
Kobe Bryant,36400000,512
Antoine Richard,36400000,513
Richard John Carey,36300000,514
Steven Lopez,36300000,515
Ling Yang,36200000,516
Jonathan Thomas Cleveland,36200000,517
Gregory Joy,36200000,518
You Wu,36200000,519
Sandra Marie Douglas,36200000,520
Michael Schulz,36100000,521
Tyler Hamilton,36100000,522
Patricia Miranda,36100000,523
Scott Tucker,36000000,524
Thomas Huber,36000000,525
Mi-Kum Park,36000000,526
Andrew Lindsay,35900000,527
Rui Silva,35700000,528
Stephen Davies,35600000,529
Frank Otto,35600000,530
Serena Williams,35400000,531
Antonio Ortega,35200000,532
Roger Kingdom,35200000,533
James Graves,35100000,534
Hong Gao,35000000,535
ROSELI,35000000,536
Daniel Burke,34900000,537
Jan Berger,34900000,538
Jan Eric Johnson,34900000,539
John Edwin Whitaker,34600000,540
Patricia Moreno,34600000,541
Jun Gu,34300000,542
Duncan Free,34300000,543
Joanne Sarah Thompson,34200000,544
Earl Jones,34100000,545
Nicolas Lopez,34100000,546
Jonathan David Edwards,34100000,547
Ping Zhang,34000000,548
Tian Tian Sun,34000000,549
Jun Xiao,33900000,550
Kevin Hansen,33700000,551
RENAN,33700000,552
Tobias Frank,33700000,553
Michael Mathieu,33600000,554
Amy Rodriguez,33600000,555
Nick Rogers,33500000,556
David Walters,33500000,557
Isabel Fernandez,33500000,558
Dan Wu,33400000,559
David Allan Johnson,33400000,560
Marco Romano,33300000,561
NARCISO,33300000,562
Oscar Garcia perez,33200000,563
ROSANA,33200000,564
Yan Liang,33200000,565
Jesus Fernandez,33100000,566
Stephen Holland,33100000,567
Leonard III Wood,33100000,568
Rebecca Joyce,33000000,569
Jie Wang,32900000,570
Na Chao,32900000,571
Nina Song,32900000,572
Jan Tops,32800000,573
Mi Zhou,32800000,574
Hui Cheng,32800000,575
Dennis Stewart,32800000,576
Frank Beck,32800000,577
Xiang Liu,32700000,578
Summer Sanders,32700000,579
Sandy Lewis,32600000,580
Fernanda Ribeiro,32500000,581
Lionel Messi,32500000,582
Joseph Hansen,32400000,583
Deborah Green,32400000,584
Penny Taylor,32300000,585
Thomas Johansson,32300000,586
Anthony Sanders,32200000,587
William David Schmidt,32200000,588
Feng Gao,32000000,589
Jing Du,32000000,590
Jason Kenny,31900000,591
Hua Huang,31900000,592
Jorge Gutierrez,31800000,593
Andre Domingos Silva,31700000,594
Wei Luo,31600000,595
Peter Dawson,31600000,596
Christian Keller,31500000,597
Fernando Leon,31400000,598
Neil Adams,31400000,599
Sue Bird,31300000,600
Shane Rose,31300000,601
Emma Robinson,31300000,602
Jose Angel Cesar,31200000,603
Michael Marx,31200000,604
Juan Carlos Navarro,31200000,605
Brett Anderson,31200000,606
Angel Di maria,31200000,607
Tom Brands,31100000,608
Kenneth Monday,31000000,609
Sebastian Gonzalez,31000000,610
Paul Cote,31000000,611
Andre Cruz,31000000,612
Lars Nielsen,30900000,613
Marc Weber,30900000,614
Ricardo Rojas,30800000,615
Alexandra Le poole,30800000,616
Sabine John,30800000,617
Shan Li,30800000,618
Nate Jones,30700000,619
Wolfgang Schmidt,30600000,620
DIEGO ALVES,30400000,621
Christine Collins,30300000,622
Pablo Herrera,30300000,623
Charles Michael Mooney,30300000,624
Qing Li,30300000,625
Jean-Michel Henry,30200000,626
Fang Yan,30200000,627
Bruno Julie,30100000,628
Keith Connor,30100000,629
Dean Woods,30000000,630
John Henry Writer,29900000,631
Paul Douglas Collins,29900000,632
Craig Victory,29800000,633
Gerald Grant Main,29700000,634
Neil Broad,29700000,635
Jacqueline Frank,29700000,636
Gary Mac donald,29600000,637
James Paul Montgomery0,29500000,638
Timothy John Crooks,29500000,639
Hanir Khan,29400000,640
Ann Elizabeth Moore,29300000,641
Chong He,29200000,642
Anna Maria Wood,29200000,643
Larry Bird,29200000,644
Luis Alberto Perez,29200000,645
Ok Jin Chong,29200000,646
Graham Reid,29200000,647
Shirley Strong,29000000,648
Julie Mcdonald,28800000,649
Alexis Rodriguez,28800000,650
CRISTIANE,28800000,651
Ming Huang Liu,28700000,652
David Townsend,28700000,653
Sergio Romero,28700000,654
Patrick Robert Powers,28700000,655
Elizabeth Armstrong,28600000,656
Luke Roberts,28600000,657
Sharon Hunt,28500000,658
Ben Sheets,28500000,659
Luciano Bruno,28400000,660
Jing Zhao,28400000,661
Wendy Bruce,28400000,662
Angela Kennedy,28400000,663
Jian Xu,28300000,664
David Giles,28300000,665
Mark Lewis-francis,28300000,666
Gregory T. Springer,28200000,667
Daniele De rossi,28200000,668
Michele Mitchell,28100000,669
Gustavo Lopez,28100000,670
Alexander Koch,28000000,671
Ching Li,28000000,672
Howard Edward Davis,28000000,673
Maria Vasco,27900000,674
David Andrew Jenkins,27900000,675
Marc Schneider,27900000,676
Janet Evans4,27800000,677
RENATA COSTA,27700000,678
Paul Steele,27500000,679
Jia Hu,27500000,680
Sylvia Rose,27500000,681
Alexandre Samuel,27500000,682
Usain Bolt,27400000,683
Peter Luther,27400000,684
Christopher Davies,27300000,685
Maureen Jean George,27200000,686
Dan O'brien,27200000,687
Yong Lu,27200000,688
Michael Anthony Powell,27100000,689
Juan Paredes,27000000,690
Costa Renata costa,27000000,691
Ronaldo Silva,26900000,692
Denise Lewis,26900000,693
Camilla Martin,26900000,694
Ning Zhang,26600000,695
Antonio Jose Gil,26500000,696
Francisco Vidal,26400000,697
Raul Gonzalez,26400000,698
Campbell Walsh,26400000,699
Graeme Brown,26400000,700
James Irvine,26400000,701
Robert Hammond,26300000,702
John Michael Nicholson,26200000,703
Gary Wayne Hall,26200000,704
Thomas Strauss,26200000,705
Kyle Hamilton,26200000,706
Sarah Webb,26200000,707
Francisco Cortes,26100000,708
Patrick Sang,26100000,709
Peter Leone,26100000,710
Chad Allen,26100000,711
David Nilsson,26000000,712
Scott Goodman,25900000,713
Qing Liu,25900000,714